<?xml version="1.0" encoding="UTF-8"?>
<point_cloud version="1.2.0">
  <tracks path="tracks.ply" count="28131"/>
  <points path="points.ply" count="19612"/>
  <projections camera_id="0" path="p0.ply" count="2769"/>
  <projections camera_id="1" path="p1.ply" count="3297"/>
  <projections camera_id="2" path="p2.ply" count="3257"/>
  <projections camera_id="3" path="p3.ply" count="3982"/>
  <projections camera_id="4" path="p4.ply" count="4441"/>
  <projections camera_id="5" path="p5.ply" count="3765"/>
  <projections camera_id="6" path="p6.ply" count="4185"/>
  <projections camera_id="7" path="p7.ply" count="3996"/>
  <projections camera_id="8" path="p8.ply" count="3715"/>
  <projections camera_id="9" path="p9.ply" count="3795"/>
  <projections camera_id="10" path="p10.ply" count="3572"/>
  <projections camera_id="11" path="p11.ply" count="2768"/>
  <projections camera_id="12" path="p12.ply" count="3166"/>
  <projections camera_id="13" path="p13.ply" count="2896"/>
  <projections camera_id="14" path="p14.ply" count="2555"/>
  <projections camera_id="15" path="p15.ply" count="2579"/>
  <projections camera_id="16" path="p16.ply" count="2351"/>
  <projections camera_id="17" path="p17.ply" count="1776"/>
  <projections camera_id="18" path="p18.ply" count="2197"/>
  <projections camera_id="19" path="p19.ply" count="2061"/>
  <projections camera_id="20" path="p20.ply" count="1716"/>
  <projections camera_id="21" path="p21.ply" count="1713"/>
  <projections camera_id="22" path="p22.ply" count="1904"/>
  <projections camera_id="23" path="p23.ply" count="3999"/>
  <projections camera_id="24" path="p24.ply" count="4290"/>
  <projections camera_id="25" path="p25.ply" count="4032"/>
  <projections camera_id="26" path="p26.ply" count="4072"/>
  <projections camera_id="27" path="p27.ply" count="4032"/>
  <projections camera_id="28" path="p28.ply" count="3903"/>
  <projections camera_id="29" path="p29.ply" count="2571"/>
  <projections camera_id="30" path="p30.ply" count="4274"/>
  <projections camera_id="31" path="p31.ply" count="3994"/>
  <projections camera_id="32" path="p32.ply" count="1013"/>
  <projections camera_id="33" path="p33.ply" count="4026"/>
  <projections camera_id="34" path="p34.ply" count="4039"/>
  <projections camera_id="35" path="p35.ply" count="4246"/>
  <projections camera_id="36" path="p36.ply" count="3426"/>
  <projections camera_id="37" path="p37.ply" count="3324"/>
  <meta>
    <property name="match/duration" value="924.096887"/>
    <property name="match/match_downscale" value="0"/>
    <property name="match/match_filter_mask" value="true"/>
    <property name="match/match_point_limit" value="40000"/>
    <property name="match/match_select_pairs" value="1"/>
    <property name="match/match_tiepoint_limit" value="4000"/>
  </meta>
</point_cloud>
